date,machine,dai,totalStarts,estimatedDiffBalls,jackpot,continuations,initialHits,maxContinuation,jackpotProbability,finalStarts,maxPayout,updateText,url
2026-06-16,e新世紀エヴァ17はじまりR,0181,2551,,23,18,5,10,1/111,14,12580,2026/06/16 23:26 更新,https://www.pscube.jp/dedamajyoho-P-townDMMpachi/c732925/cgi-bin/nc-v06-001.php?cd_dai=0181
2026-06-16,e新世紀エヴァ17はじまりR,0182,3362,,39,36,3,26,1/86.3,89,30950,2026/06/16 23:26 更新,https://www.pscube.jp/dedamajyoho-P-townDMMpachi/c732925/cgi-bin/nc-v06-001.php?cd_dai=0182
2026-06-16,e新世紀エヴァ17はじまりR,0183,2347,,24,18,6,10,1/97.8,145,14400,2026/06/16 23:26 更新,https://www.pscube.jp/dedamajyoho-P-townDMMpachi/c732925/cgi-bin/nc-v06-001.php?cd_dai=0183
2026-06-16,e新世紀エヴァ17はじまりR,0184,2143,,32,28,4,18,1/67,31,29810,2026/06/16 23:26 更新,https://www.pscube.jp/dedamajyoho-P-townDMMpachi/c732925/cgi-bin/nc-v06-001.php?cd_dai=0184
2026-06-16,e新世紀エヴァ17はじまりR,0185,1492,,8,6,2,6,1/186.5,720,7000,2026/06/16 23:26 更新,https://www.pscube.jp/dedamajyoho-P-townDMMpachi/c732925/cgi-bin/nc-v06-001.php?cd_dai=0185
2026-06-16,e新世紀エヴァ17はじまりR,0186,2199,,11,6,5,6,1/200,487,6990,2026/06/16 23:26 更新,https://www.pscube.jp/dedamajyoho-P-townDMMpachi/c732925/cgi-bin/nc-v06-001.php?cd_dai=0186
2026-06-16,e新世紀エヴァ17はじまりR,0187,2062,,4,2,2,2,1/515.5,903,2520,2026/06/16 23:26 更新,https://www.pscube.jp/dedamajyoho-P-townDMMpachi/c732925/cgi-bin/nc-v06-001.php?cd_dai=0187
2026-06-16,e新世紀エヴァ17はじまりR,0188,2054,,9,6,3,6,1/228.3,370,6990,2026/06/16 23:26 更新,https://www.pscube.jp/dedamajyoho-P-townDMMpachi/c732925/cgi-bin/nc-v06-001.php?cd_dai=0188
2026-06-16,e新世紀エヴァ17はじまりR,0189,2476,,24,20,4,16,1/103.2,338,22820,2026/06/16 23:26 更新,https://www.pscube.jp/dedamajyoho-P-townDMMpachi/c732925/cgi-bin/nc-v06-001.php?cd_dai=0189
2026-06-16,e新世紀エヴァ17はじまりR,0190,3599,,27,22,5,16,1/133.3,0,18150,2026/06/16 23:26 更新,https://www.pscube.jp/dedamajyoho-P-townDMMpachi/c732925/cgi-bin/nc-v06-001.php?cd_dai=0190
2026-06-16,e新世紀エヴァ17はじまりR,0211,2858,-14100,16,10,6,10,1/178.7,300,11470,2026/06/16 23:26 更新,https://www.pscube.jp/dedamajyoho-P-townDMMpachi/c732925/cgi-bin/nc-v06-001.php?cd_dai=0211
2026-06-16,e新世紀エヴァ17はじまりR,0212,2587,9900,27,24,3,18,1/95.9,383,22910,2026/06/16 23:26 更新,https://www.pscube.jp/dedamajyoho-P-townDMMpachi/c732925/cgi-bin/nc-v06-001.php?cd_dai=0212
2026-06-16,e新世紀エヴァ17はじまりR,0213,2065,-25600,2,0,2,0,1/1032.5,1508,280,2026/06/16 23:26 更新,https://www.pscube.jp/dedamajyoho-P-townDMMpachi/c732925/cgi-bin/nc-v06-001.php?cd_dai=0213
2026-06-16,e新世紀エヴァ17はじまりR,0214,1597,-12600,8,4,4,4,1/199.7,513,4760,2026/06/16 23:26 更新,https://www.pscube.jp/dedamajyoho-P-townDMMpachi/c732925/cgi-bin/nc-v06-001.php?cd_dai=0214
2026-06-16,e新世紀エヴァ17はじまりR,0215,3049,43500,56,54,2,30,1/54.5,218,58210,2026/06/16 23:26 更新,https://www.pscube.jp/dedamajyoho-P-townDMMpachi/c732925/cgi-bin/nc-v06-001.php?cd_dai=0215
2026-06-16,e新世紀エヴァ17はじまりR,0216,3015,15800,36,34,2,26,1/83.8,0,29320,2026/06/16 23:26 更新,https://www.pscube.jp/dedamajyoho-P-townDMMpachi/c732925/cgi-bin/nc-v06-001.php?cd_dai=0216
2026-06-16,e新世紀エヴァ17はじまりR,0217,2583,-19700,11,6,5,6,1/234.9,230,7000,2026/06/16 23:26 更新,https://www.pscube.jp/dedamajyoho-P-townDMMpachi/c732925/cgi-bin/nc-v06-001.php?cd_dai=0217
2026-06-16,e新世紀エヴァ17はじまりR,0218,2242,-11100,12,8,4,6,1/186.9,0,7130,2026/06/16 23:26 更新,https://www.pscube.jp/dedamajyoho-P-townDMMpachi/c732925/cgi-bin/nc-v06-001.php?cd_dai=0218
2026-06-16,e新世紀エヴァ17はじまりR,0219,2806,,41,36,5,24,1/68.5,150,31280,2026/06/16 23:26 更新,https://www.pscube.jp/dedamajyoho-P-townDMMpachi/c732925/cgi-bin/nc-v06-001.php?cd_dai=0219
2026-06-16,e新世紀エヴァ17はじまりR,0220,2227,,19,16,3,14,1/117.3,0,16750,2026/06/16 23:26 更新,https://www.pscube.jp/dedamajyoho-P-townDMMpachi/c732925/cgi-bin/nc-v06-001.php?cd_dai=0220
2026-06-16,P新世エヴァ15未来への咆哮,0191,831,,5,4,1,4,1/166.2,379,5880,2026/06/16 23:26 更新,https://www.pscube.jp/dedamajyoho-P-townDMMpachi/c732925/cgi-bin/nc-v06-001.php?cd_dai=0191
2026-06-16,P新世エヴァ15未来への咆哮,0192,1134,,5,4,1,4,1/226.8,229,5960,2026/06/16 23:26 更新,https://www.pscube.jp/dedamajyoho-P-townDMMpachi/c732925/cgi-bin/nc-v06-001.php?cd_dai=0192
2026-06-16,P新世エヴァ15未来への咆哮,0193,1389,,5,3,2,2,1/277.8,312,3200,2026/06/16 23:26 更新,https://www.pscube.jp/dedamajyoho-P-townDMMpachi/c732925/cgi-bin/nc-v06-001.php?cd_dai=0193
2026-06-16,P新世エヴァ15未来への咆哮,0194,0,,0,0,0,0,,0,0,2026/06/16 23:26 更新,https://www.pscube.jp/dedamajyoho-P-townDMMpachi/c732925/cgi-bin/nc-v06-001.php?cd_dai=0194
2026-06-16,P新世エヴァ15未来への咆哮,0195,2233,,18,15,3,10,1/124.1,126,14650,2026/06/16 23:26 更新,https://www.pscube.jp/dedamajyoho-P-townDMMpachi/c732925/cgi-bin/nc-v06-001.php?cd_dai=0195
2026-06-16,P新世エヴァ15未来への咆哮,0196,348,,0,0,0,0,,348,20,2026/06/16 23:26 更新,https://www.pscube.jp/dedamajyoho-P-townDMMpachi/c732925/cgi-bin/nc-v06-001.php?cd_dai=0196
2026-06-16,P新世エヴァ15未来への咆哮,0197,969,,3,2,1,2,1/323,350,3210,2026/06/16 23:26 更新,https://www.pscube.jp/dedamajyoho-P-townDMMpachi/c732925/cgi-bin/nc-v06-001.php?cd_dai=0197
2026-06-16,P新世エヴァ15未来への咆哮,0198,1666,,6,3,3,3,1/277.7,21,4580,2026/06/16 23:26 更新,https://www.pscube.jp/dedamajyoho-P-townDMMpachi/c732925/cgi-bin/nc-v06-001.php?cd_dai=0198
2026-06-16,P新世エヴァ15未来への咆哮,0199,725,,5,2,3,2,1/145,103,4200,2026/06/16 23:26 更新,https://www.pscube.jp/dedamajyoho-P-townDMMpachi/c732925/cgi-bin/nc-v06-001.php?cd_dai=0199
2026-06-16,P新世エヴァ15未来への咆哮,0200,1695,,16,13,3,11,1/106,29,18360,2026/06/16 23:26 更新,https://www.pscube.jp/dedamajyoho-P-townDMMpachi/c732925/cgi-bin/nc-v06-001.php?cd_dai=0200
2026-06-16,P新世エヴァ15未来への咆哮,0201,1308,,10,6,4,4,1/130.8,184,7470,2026/06/16 23:26 更新,https://www.pscube.jp/dedamajyoho-P-townDMMpachi/c732925/cgi-bin/nc-v06-001.php?cd_dai=0201
2026-06-16,P新世エヴァ15未来への咆哮,0202,1695,,7,3,4,3,1/242.2,98,4600,2026/06/16 23:26 更新,https://www.pscube.jp/dedamajyoho-P-townDMMpachi/c732925/cgi-bin/nc-v06-001.php?cd_dai=0202
2026-06-16,P新世エヴァ15未来への咆哮,0203,2643,,30,27,3,17,1/88.1,42,30360,2026/06/16 23:26 更新,https://www.pscube.jp/dedamajyoho-P-townDMMpachi/c732925/cgi-bin/nc-v06-001.php?cd_dai=0203
2026-06-16,P新世エヴァ15未来への咆哮,0204,1478,,8,6,2,6,1/184.8,70,7790,2026/06/16 23:26 更新,https://www.pscube.jp/dedamajyoho-P-townDMMpachi/c732925/cgi-bin/nc-v06-001.php?cd_dai=0204
2026-06-16,P新世エヴァ15未来への咆哮,0205,1202,,5,2,3,2,1/240.4,57,3210,2026/06/16 23:26 更新,https://www.pscube.jp/dedamajyoho-P-townDMMpachi/c732925/cgi-bin/nc-v06-001.php?cd_dai=0205
2026-06-16,P新世エヴァ15未来への咆哮,0206,1198,,5,2,3,2,1/239.6,156,3220,2026/06/16 23:26 更新,https://www.pscube.jp/dedamajyoho-P-townDMMpachi/c732925/cgi-bin/nc-v06-001.php?cd_dai=0206
2026-06-16,P新世エヴァ15未来への咆哮,0207,1603,,2,0,2,0,1/801.5,481,430,2026/06/16 23:26 更新,https://www.pscube.jp/dedamajyoho-P-townDMMpachi/c732925/cgi-bin/nc-v06-001.php?cd_dai=0207
2026-06-16,P新世エヴァ15未来への咆哮,0208,1133,,3,2,1,2,1/377.7,221,3210,2026/06/16 23:26 更新,https://www.pscube.jp/dedamajyoho-P-townDMMpachi/c732925/cgi-bin/nc-v06-001.php?cd_dai=0208
