date,machine,dai,url,totalStarts,jackpot,continuations,initialHits,maxPayout,existingEstimatedDiffBalls,diffBallsFromApi,diffBallsFromSvg,diffBallsFinal,diffBallsMethod,diffBallsConfidence,graphEndpointUsed,graphPointCount,graphLastPointRaw,graphZeroLine,graphScaleInfo,fetchStatus,httpStatus,errorType,errorMessage,notes
2026-06-16,e新世紀エヴァ17はじまりR,0181,https://www.pscube.jp/dedamajyoho-P-townDMMpachi/c732925/cgi-bin/nc-v06-001.php?cd_dai=0181,2551,23,18,5,12580,,,,,none,missing,,,,,,page_http_502,502,page_502,Machine page returned 502 Bad Gateway,"history_cache: status=ok, histRows=0, update=2026/06/17 10:25 更新 | starts: today=0, 1d_ago=2551 | maxPayout: today=0, 1d_ago=12580 | diff_probe: page_http_502"
2026-06-16,e新世紀エヴァ17はじまりR,0182,https://www.pscube.jp/dedamajyoho-P-townDMMpachi/c732925/cgi-bin/nc-v06-001.php?cd_dai=0182,3362,39,36,3,30950,,,,,none,missing,,,,,,no_diff_source,,never_attempted,No fetch attempt recorded for this machine,"history_cache: status=ok, histRows=0, update=2026/06/17 10:25 更新 | starts: today=0, 1d_ago=3362 | maxPayout: today=0, 1d_ago=30950"
2026-06-16,e新世紀エヴァ17はじまりR,0183,https://www.pscube.jp/dedamajyoho-P-townDMMpachi/c732925/cgi-bin/nc-v06-001.php?cd_dai=0183,2347,24,18,6,14400,,,,,none,missing,,,,,,no_diff_source,,never_attempted,No fetch attempt recorded for this machine,"history_cache: status=ok, histRows=0, update=2026/06/17 10:25 更新 | starts: today=0, 1d_ago=2347 | maxPayout: today=0, 1d_ago=14400"
2026-06-16,e新世紀エヴァ17はじまりR,0184,https://www.pscube.jp/dedamajyoho-P-townDMMpachi/c732925/cgi-bin/nc-v06-001.php?cd_dai=0184,2143,32,28,4,29810,,,,,none,missing,,,,,,no_diff_source,,never_attempted,No fetch attempt recorded for this machine,"history_cache: status=ok, histRows=0, update=2026/06/17 10:25 更新 | starts: today=0, 1d_ago=2143 | maxPayout: today=0, 1d_ago=29810"
2026-06-16,e新世紀エヴァ17はじまりR,0185,https://www.pscube.jp/dedamajyoho-P-townDMMpachi/c732925/cgi-bin/nc-v06-001.php?cd_dai=0185,1492,8,6,2,7000,,,,,none,missing,,,,,,no_diff_source,,never_attempted,No fetch attempt recorded for this machine,"history_cache: status=ok, histRows=0, update=2026/06/17 10:25 更新 | starts: today=0, 1d_ago=1492 | maxPayout: today=0, 1d_ago=7000"
2026-06-16,e新世紀エヴァ17はじまりR,0186,https://www.pscube.jp/dedamajyoho-P-townDMMpachi/c732925/cgi-bin/nc-v06-001.php?cd_dai=0186,2199,11,6,5,6990,,,,,none,missing,,,,,,no_diff_source,,never_attempted,No fetch attempt recorded for this machine,"history_cache: status=ok, histRows=0, update=2026/06/17 10:25 更新 | starts: today=0, 1d_ago=2199 | maxPayout: today=0, 1d_ago=6990"
2026-06-16,e新世紀エヴァ17はじまりR,0187,https://www.pscube.jp/dedamajyoho-P-townDMMpachi/c732925/cgi-bin/nc-v06-001.php?cd_dai=0187,2062,4,2,2,2520,,,,,none,missing,,,,,,no_diff_source,,never_attempted,No fetch attempt recorded for this machine,"history_cache: status=ok, histRows=0, update=2026/06/17 10:25 更新 | starts: today=0, 1d_ago=2062 | maxPayout: today=0, 1d_ago=2520"
2026-06-16,e新世紀エヴァ17はじまりR,0188,https://www.pscube.jp/dedamajyoho-P-townDMMpachi/c732925/cgi-bin/nc-v06-001.php?cd_dai=0188,2054,9,6,3,6990,,,,,none,missing,,,,,,no_diff_source,,never_attempted,No fetch attempt recorded for this machine,"history_cache: status=ok, histRows=0, update=2026/06/17 10:25 更新 | starts: today=0, 1d_ago=2054 | maxPayout: today=0, 1d_ago=6990"
2026-06-16,e新世紀エヴァ17はじまりR,0189,https://www.pscube.jp/dedamajyoho-P-townDMMpachi/c732925/cgi-bin/nc-v06-001.php?cd_dai=0189,2476,24,20,4,22820,,,,,none,missing,,,,,,no_diff_source,,never_attempted,No fetch attempt recorded for this machine,"history_cache: status=ok, histRows=0, update=2026/06/17 10:25 更新 | starts: today=0, 1d_ago=2476 | maxPayout: today=0, 1d_ago=22820"
2026-06-16,e新世紀エヴァ17はじまりR,0190,https://www.pscube.jp/dedamajyoho-P-townDMMpachi/c732925/cgi-bin/nc-v06-001.php?cd_dai=0190,3599,27,22,5,18150,,,,,none,missing,,,,,,no_diff_source,,never_attempted,No fetch attempt recorded for this machine,"history_cache: status=ok, histRows=1, update=2026/06/17 10:25 更新 | starts: today=0, 1d_ago=3599 | maxPayout: today=0, 1d_ago=18150"
2026-06-16,e新世紀エヴァ17はじまりR,0211,https://www.pscube.jp/dedamajyoho-P-townDMMpachi/c732925/cgi-bin/nc-v06-001.php?cd_dai=0211,2858,16,10,6,11470,-14100,,,-14100,csv_existing,csv_manual,,,,,,existing_in_csv,,,,"history_cache: status=ok, histRows=0, update=2026/06/17 10:25 更新 | starts: today=0, 1d_ago=2858 | maxPayout: today=0, 1d_ago=11470 | diff from original CSV (likely manual entry or codex browser)"
2026-06-16,e新世紀エヴァ17はじまりR,0212,https://www.pscube.jp/dedamajyoho-P-townDMMpachi/c732925/cgi-bin/nc-v06-001.php?cd_dai=0212,2587,27,24,3,22910,9900,,,9900,csv_existing,csv_manual,,,,,,existing_in_csv,,,,"history_cache: status=ok, histRows=0, update=2026/06/17 10:25 更新 | starts: today=0, 1d_ago=2587 | maxPayout: today=0, 1d_ago=22910 | diff from original CSV (likely manual entry or codex browser)"
2026-06-16,e新世紀エヴァ17はじまりR,0213,https://www.pscube.jp/dedamajyoho-P-townDMMpachi/c732925/cgi-bin/nc-v06-001.php?cd_dai=0213,2065,2,0,2,280,-25600,,,-25600,csv_existing,csv_manual,,,,,,existing_in_csv,,,,"history_cache: status=ok, histRows=0, update=2026/06/17 10:25 更新 | starts: today=0, 1d_ago=2065 | maxPayout: today=0, 1d_ago=280 | diff from original CSV (likely manual entry or codex browser)"
2026-06-16,e新世紀エヴァ17はじまりR,0214,https://www.pscube.jp/dedamajyoho-P-townDMMpachi/c732925/cgi-bin/nc-v06-001.php?cd_dai=0214,1597,8,4,4,4760,-12600,,,-12600,csv_existing,csv_manual,,,,,,existing_in_csv,,,,"history_cache: status=ok, histRows=0, update=2026/06/17 10:25 更新 | starts: today=0, 1d_ago=1597 | maxPayout: today=0, 1d_ago=4760 | diff from original CSV (likely manual entry or codex browser)"
2026-06-16,e新世紀エヴァ17はじまりR,0215,https://www.pscube.jp/dedamajyoho-P-townDMMpachi/c732925/cgi-bin/nc-v06-001.php?cd_dai=0215,3049,56,54,2,58210,43500,,,43500,csv_existing,csv_manual,,,,,,api_blocked_451,451,api_not_json,,"history_cache: status=ok, histRows=0, update=2026/06/17 10:25 更新 | starts: today=0, 1d_ago=3049 | maxPayout: today=0, 1d_ago=58210 | debug_cache: status=451, is_json=False | diff from original CSV (likely manual entry or codex browser)"
2026-06-16,e新世紀エヴァ17はじまりR,0216,https://www.pscube.jp/dedamajyoho-P-townDMMpachi/c732925/cgi-bin/nc-v06-001.php?cd_dai=0216,3015,36,34,2,29320,15800,,,15800,csv_existing,csv_manual,,,,,,existing_in_csv,,,,"history_cache: status=ok, histRows=0, update=2026/06/17 10:25 更新 | starts: today=0, 1d_ago=3015 | maxPayout: today=0, 1d_ago=29320 | diff from original CSV (likely manual entry or codex browser)"
2026-06-16,e新世紀エヴァ17はじまりR,0217,https://www.pscube.jp/dedamajyoho-P-townDMMpachi/c732925/cgi-bin/nc-v06-001.php?cd_dai=0217,2583,11,6,5,7000,-19700,,,-19700,csv_existing,csv_manual,,,,,,existing_in_csv,,,,"history_cache: status=ok, histRows=0, update=2026/06/17 10:25 更新 | starts: today=0, 1d_ago=2583 | maxPayout: today=0, 1d_ago=7000 | diff from original CSV (likely manual entry or codex browser)"
2026-06-16,e新世紀エヴァ17はじまりR,0218,https://www.pscube.jp/dedamajyoho-P-townDMMpachi/c732925/cgi-bin/nc-v06-001.php?cd_dai=0218,2242,12,8,4,7130,-11100,,,-11100,csv_existing,csv_manual,,,,,,existing_in_csv,,,,"history_cache: status=ok, histRows=0, update=2026/06/17 10:25 更新 | starts: today=0, 1d_ago=2242 | maxPayout: today=0, 1d_ago=7130 | diff from original CSV (likely manual entry or codex browser)"
2026-06-16,e新世紀エヴァ17はじまりR,0219,https://www.pscube.jp/dedamajyoho-P-townDMMpachi/c732925/cgi-bin/nc-v06-001.php?cd_dai=0219,2806,41,36,5,31280,,,,,none,missing,,,,,,no_diff_source,,never_attempted,No fetch attempt recorded for this machine,"history_cache: status=ok, histRows=0, update=2026/06/17 10:25 更新 | starts: today=0, 1d_ago=2806 | maxPayout: today=0, 1d_ago=31280"
2026-06-16,e新世紀エヴァ17はじまりR,0220,https://www.pscube.jp/dedamajyoho-P-townDMMpachi/c732925/cgi-bin/nc-v06-001.php?cd_dai=0220,2227,19,16,3,16750,,,,,none,missing,,,,,,no_diff_source,,never_attempted,No fetch attempt recorded for this machine,"history_cache: status=ok, histRows=0, update=2026/06/17 10:25 更新 | starts: today=0, 1d_ago=2227 | maxPayout: today=0, 1d_ago=16750"
2026-06-16,P新世エヴァ15未来への咆哮,0191,https://www.pscube.jp/dedamajyoho-P-townDMMpachi/c732925/cgi-bin/nc-v06-001.php?cd_dai=0191,831,5,4,1,5880,,,,,none,missing,,,,,,no_diff_source,,never_attempted,No fetch attempt recorded for this machine,"history_cache: status=ok, histRows=0, update=2026/06/17 10:25 更新 | starts: today=0, 1d_ago=831 | maxPayout: today=0, 1d_ago=5880"
2026-06-16,P新世エヴァ15未来への咆哮,0192,https://www.pscube.jp/dedamajyoho-P-townDMMpachi/c732925/cgi-bin/nc-v06-001.php?cd_dai=0192,1134,5,4,1,5960,,,,,none,missing,,,,,,no_diff_source,,never_attempted,No fetch attempt recorded for this machine,"history_cache: status=ok, histRows=0, update=2026/06/17 10:25 更新 | starts: today=0, 1d_ago=1134 | maxPayout: today=0, 1d_ago=5960"
2026-06-16,P新世エヴァ15未来への咆哮,0193,https://www.pscube.jp/dedamajyoho-P-townDMMpachi/c732925/cgi-bin/nc-v06-001.php?cd_dai=0193,1389,5,3,2,3200,,,,,none,missing,,,,,,no_diff_source,,never_attempted,No fetch attempt recorded for this machine,"history_cache: status=ok, histRows=0, update=2026/06/17 10:25 更新 | starts: today=0, 1d_ago=1389 | maxPayout: today=0, 1d_ago=3200"
2026-06-16,P新世エヴァ15未来への咆哮,0194,https://www.pscube.jp/dedamajyoho-P-townDMMpachi/c732925/cgi-bin/nc-v06-001.php?cd_dai=0194,0,0,0,0,0,,,,,none,missing,,,,,,no_diff_source,,never_attempted,No fetch attempt recorded for this machine,"history_cache: status=skipped_no_jackpot, histRows=0, update="
2026-06-16,P新世エヴァ15未来への咆哮,0195,https://www.pscube.jp/dedamajyoho-P-townDMMpachi/c732925/cgi-bin/nc-v06-001.php?cd_dai=0195,2233,18,15,3,14650,,,,,none,missing,,,,,,no_diff_source,,never_attempted,No fetch attempt recorded for this machine,"history_cache: status=ok, histRows=0, update=2026/06/17 10:25 更新 | starts: today=0, 1d_ago=2233 | maxPayout: today=0, 1d_ago=14650"
2026-06-16,P新世エヴァ15未来への咆哮,0196,https://www.pscube.jp/dedamajyoho-P-townDMMpachi/c732925/cgi-bin/nc-v06-001.php?cd_dai=0196,348,0,0,0,20,,,,,none,missing,,,,,,no_diff_source,,never_attempted,No fetch attempt recorded for this machine,"history_cache: status=skipped_no_jackpot, histRows=0, update="
2026-06-16,P新世エヴァ15未来への咆哮,0197,https://www.pscube.jp/dedamajyoho-P-townDMMpachi/c732925/cgi-bin/nc-v06-001.php?cd_dai=0197,969,3,2,1,3210,,,,,none,missing,,,,,,no_diff_source,,never_attempted,No fetch attempt recorded for this machine,"history_cache: status=ok, histRows=0, update=2026/06/17 10:25 更新 | starts: today=0, 1d_ago=969 | maxPayout: today=0, 1d_ago=3210"
2026-06-16,P新世エヴァ15未来への咆哮,0198,https://www.pscube.jp/dedamajyoho-P-townDMMpachi/c732925/cgi-bin/nc-v06-001.php?cd_dai=0198,1666,6,3,3,4580,,,,,none,missing,,,,,,no_diff_source,,never_attempted,No fetch attempt recorded for this machine,"history_cache: status=ok, histRows=0, update=2026/06/17 10:25 更新 | starts: today=0, 1d_ago=1666 | maxPayout: today=0, 1d_ago=4580"
2026-06-16,P新世エヴァ15未来への咆哮,0199,https://www.pscube.jp/dedamajyoho-P-townDMMpachi/c732925/cgi-bin/nc-v06-001.php?cd_dai=0199,725,5,2,3,4200,,,,,none,missing,,,,,,no_diff_source,,never_attempted,No fetch attempt recorded for this machine,"history_cache: status=ok, histRows=0, update=2026/06/17 10:25 更新 | starts: today=0, 1d_ago=725 | maxPayout: today=10, 1d_ago=4200"
2026-06-16,P新世エヴァ15未来への咆哮,0200,https://www.pscube.jp/dedamajyoho-P-townDMMpachi/c732925/cgi-bin/nc-v06-001.php?cd_dai=0200,1695,16,13,3,18360,,,,,none,missing,,,,,,no_diff_source,,never_attempted,No fetch attempt recorded for this machine,"history_cache: status=ok, histRows=0, update=2026/06/17 10:25 更新 | starts: today=0, 1d_ago=1695 | maxPayout: today=0, 1d_ago=18360"
2026-06-16,P新世エヴァ15未来への咆哮,0201,https://www.pscube.jp/dedamajyoho-P-townDMMpachi/c732925/cgi-bin/nc-v06-001.php?cd_dai=0201,1308,10,6,4,7470,,,,,none,missing,,,,,,no_diff_source,,never_attempted,No fetch attempt recorded for this machine,"history_cache: status=ok, histRows=0, update=2026/06/17 10:25 更新 | starts: today=0, 1d_ago=1308 | maxPayout: today=0, 1d_ago=7470"
2026-06-16,P新世エヴァ15未来への咆哮,0202,https://www.pscube.jp/dedamajyoho-P-townDMMpachi/c732925/cgi-bin/nc-v06-001.php?cd_dai=0202,1695,7,3,4,4600,,,,,none,missing,,,,,,no_diff_source,,never_attempted,No fetch attempt recorded for this machine,"history_cache: status=ok, histRows=0, update=2026/06/17 10:25 更新 | starts: today=0, 1d_ago=1695 | maxPayout: today=0, 1d_ago=4600"
2026-06-16,P新世エヴァ15未来への咆哮,0203,https://www.pscube.jp/dedamajyoho-P-townDMMpachi/c732925/cgi-bin/nc-v06-001.php?cd_dai=0203,2643,30,27,3,30360,,,,,none,missing,,,,,,no_diff_source,,never_attempted,No fetch attempt recorded for this machine,"history_cache: status=ok, histRows=0, update=2026/06/17 10:25 更新 | starts: today=0, 1d_ago=2643 | maxPayout: today=0, 1d_ago=30360"
2026-06-16,P新世エヴァ15未来への咆哮,0204,https://www.pscube.jp/dedamajyoho-P-townDMMpachi/c732925/cgi-bin/nc-v06-001.php?cd_dai=0204,1478,8,6,2,7790,,,,,none,missing,,,,,,no_diff_source,,never_attempted,No fetch attempt recorded for this machine,"history_cache: status=ok, histRows=0, update=2026/06/17 10:25 更新 | starts: today=0, 1d_ago=1478 | maxPayout: today=0, 1d_ago=7790"
2026-06-16,P新世エヴァ15未来への咆哮,0205,https://www.pscube.jp/dedamajyoho-P-townDMMpachi/c732925/cgi-bin/nc-v06-001.php?cd_dai=0205,1202,5,2,3,3210,,,,,none,missing,,,,,,no_diff_source,,never_attempted,No fetch attempt recorded for this machine,"history_cache: status=ok, histRows=0, update=2026/06/17 10:25 更新 | starts: today=0, 1d_ago=1202 | maxPayout: today=0, 1d_ago=3210"
2026-06-16,P新世エヴァ15未来への咆哮,0206,https://www.pscube.jp/dedamajyoho-P-townDMMpachi/c732925/cgi-bin/nc-v06-001.php?cd_dai=0206,1198,5,2,3,3220,,,,,none,missing,,,,,,no_diff_source,,never_attempted,No fetch attempt recorded for this machine,"history_cache: status=ok, histRows=0, update=2026/06/17 10:25 更新 | starts: today=0, 1d_ago=1198 | maxPayout: today=0, 1d_ago=3220"
2026-06-16,P新世エヴァ15未来への咆哮,0207,https://www.pscube.jp/dedamajyoho-P-townDMMpachi/c732925/cgi-bin/nc-v06-001.php?cd_dai=0207,1603,2,0,2,430,,,,,none,missing,,,,,,no_diff_source,,never_attempted,No fetch attempt recorded for this machine,"history_cache: status=ok, histRows=0, update=2026/06/17 10:25 更新 | starts: today=0, 1d_ago=1603 | maxPayout: today=0, 1d_ago=430"
2026-06-16,P新世エヴァ15未来への咆哮,0208,https://www.pscube.jp/dedamajyoho-P-townDMMpachi/c732925/cgi-bin/nc-v06-001.php?cd_dai=0208,1133,3,2,1,3210,,,,,none,missing,,,,,,no_diff_source,,never_attempted,No fetch attempt recorded for this machine,"history_cache: status=ok, histRows=0, update=2026/06/17 10:25 更新 | starts: today=0, 1d_ago=1133 | maxPayout: today=0, 1d_ago=3210"
